{"cameraMode":{"drawMode":0,"name":"Shaded","section":"Shading Mode"},"sceneLighting":true,"audioPlay":false,"sceneViewState":{"showFog":true,"showMaterialUpdate":false,"showSkybox":false,"showFlares":true,"showImageEffects":true,"showParticleSystems":true},"in2DMode":false,"pivot":{"x":0.9392756223678589,"y":-0.09440379589796066,"z":0.13290680944919587},"rotation":{"x":-0.0005688903038389981,"y":-0.6109892129898071,"z":-0.026296894997358323,"w":-0.7912192940711975},"size":2.886849880218506,"orthographic":false}